Workbook

Sheet Task Notes
A1: Set 1 - Excel Basics, Referencing and Data Types
A2: Each task has its own worksheet (named in the 'Worksheet' column). Sample data is synthetic and created for this assignment.
A4: Task | B4: Question (summary) | C4: Worksheet | D4: What was done / answer / explanation
A5: 1 | B5: Explore the ribbon; list purpose of >=3 tabs and 2 Quick Access Toolbar tools. | C5: T1_Ribbon | D5: Five ribbon tabs (Home, Insert, Data, Formulas, View) and three Quick Access Toolbar tools (Save, Undo, Redo) are listed with their purpose.
A6: 4 | B6: GST calculator: price in A2, rate in B1; use $B$1 and B1. | C6: T4_GST | D6: Column C uses =A2*$B$1 - the $ locks the rate cell, so copying down always multiplies by B1 (correct). Column D uses =A2*B1 (relative): copied down it becomes =A3*B2, =A4*B3 ... which point at empty cells, so GST becomes 0 for every row except the first. Absolute references are needed whenever one input cell is shared by many formulas.
A7: 5 | B7: Raw dataset: find >=3 columns with wrong data types, fix and explain. | C7: T5_Raw_Data / T5_Cleaned_Data / T5_Steps | D7: Amazon-style order export (synthetic). Five wrong types were found - Order Date (text), Item Price (text with ₹ and commas), Quantity (text), Rating (number shown as date) and Discount (text %). Corrected in T5_Cleaned_Data; the exact Excel steps are in T5_Steps. Net Amount now calculates because all inputs are numeric.

Sheet T1_Ribbon
A1: Ribbon Tab / Quick Access Tool | B1: Type | C1: Purpose
A2: Home | B2: Ribbon tab | C2: Everyday formatting and editing: clipboard, fonts, alignment, number formats, styles, cell insert/delete, Sort & Filter, Find & Select.
A3: Insert | B3: Ribbon tab | C3: Adds objects to a sheet: PivotTables, Tables, Pictures, Shapes, Charts, Sparklines, Slicers, Hyperlinks, Text boxes.
A4: Data | B4: Ribbon tab | C4: Get & Transform (Power Query), connections, Sort/Filter, Text to Columns, Remove Duplicates, Data Validation, What-If Analysis.
A5: Formulas | B5: Ribbon tab | C5: Function Library, Name Manager, Formula Auditing (Trace Precedents, Error Checking) and Calculation options.
A6: View | B6: Ribbon tab | C6: Workbook views, Freeze Panes, Zoom, Gridlines/Headings, Split and switching windows.
A7: Save | B7: Quick Access Toolbar | C7: Saves the active workbook with one click (Ctrl+S).
A8: Undo | B8: Quick Access Toolbar | C8: Reverses the last action (Ctrl+Z); the drop-down lets you undo several steps.
A9: Redo | B9: Quick Access Toolbar | C9: Re-applies an action that was undone (Ctrl+Y).

Sheet T4_GST
A1: Item Price (Rs) / GST rate -> | B1: 0.18 | C1: GST using $B$1 (absolute) | D1: GST using B1 (relative) | E1: Total price (absolute) | G1: Legend: yellow cell B1 = GST rate (input, blue). Column D shows the bug that appears when B1 is NOT locked.
A2: 1200 | C2: =A2*$B$1 | D2: =A2*B1 | E2: =A2+C2
A3: 499 | C3: =A3*$B$1 | D3: =A3*B1 | E3: =A3+C3
A4: 2599 | C4: =A4*$B$1 | D4: =A4*B1 | E4: =A4+C4
A5: 350 | C5: =A5*$B$1 | D5: =A5*B1 | E5: =A5+C5
A6: 8999 | C6: =A6*$B$1 | D6: =A6*B1 | E6: =A6+C6
A7: 150 | C7: =A7*$B$1 | D7: =A7*B1 | E7: =A7+C7

Sheet T5_Raw_Data
A1: Order ID | B1: Order Date | C1: Item Price | D1: Quantity | E1: Rating | F1: Discount
A2: 402-1182-0001 | B2: 05/01/2025 | C2: ₹1,299.00 | D2: 2 | E2: 4.5 | F2: 10%
A3: 402-1182-0002 | B3: 12/01/2025 | C3: ₹499.00 | D3: 1 | E3: 4 | F3: 0%
A4: 402-1182-0003 | B4: 19/01/2025 | C4: ₹2,350.50 | D4: 1 | E4: 3.5 | F4: 15%
A5: 402-1182-0004 | B5: 02/02/2025 | C5: ₹799.00 | D5: 3 | E5: 5 | F5: 5%
A6: 402-1182-0005 | B6: 14/02/2025 | C6: ₹15,999.00 | D6: 1 | E6: 4.5 | F6: 12%
A7: 402-1182-0006 | B7: 28/02/2025 | C7: ₹349.00 | D7: 4 | E7: 3 | F7: 0%
A8: 402-1182-0007 | B8: 09/03/2025 | C8: ₹1,049.00 | D8: 2 | E8: 4 | F8: 8%
A9: 402-1182-0008 | B9: 21/03/2025 | C9: ₹5,999.00 | D9: 1 | E9: 4.5 | F9: 20%

Sheet T5_Cleaned_Data
A1: Order ID | B1: Order Date | C1: Item Price | D1: Quantity | E1: Rating | F1: Discount | G1: Net Amount | I1: Cleaned with formulas that read the raw sheet; Net Amount proves the numbers now calculate.
A2: =T5_Raw_Data!A2 | B2: =DATE(VALUE(RIGHT(T5_Raw_Data!B2,4)),VALUE(MID(T5_Raw_Data!B2,4,2)),VALUE(LEFT(T5_Raw_Data!B2,2))) | C2: =VALUE(SUBSTITUTE(SUBSTITUTE(T5_Raw_Data!C2,"₹",""),",","")) | D2: =VALUE(T5_Raw_Data!D2) | E2: =T5_Raw_Data!E2 | F2: =VALUE(T5_Raw_Data!F2) | G2: =C2*D2*(1-F2)
A3: =T5_Raw_Data!A3 | B3: =DATE(VALUE(RIGHT(T5_Raw_Data!B3,4)),VALUE(MID(T5_Raw_Data!B3,4,2)),VALUE(LEFT(T5_Raw_Data!B3,2))) | C3: =VALUE(SUBSTITUTE(SUBSTITUTE(T5_Raw_Data!C3,"₹",""),",","")) | D3: =VALUE(T5_Raw_Data!D3) | E3: =T5_Raw_Data!E3 | F3: =VALUE(T5_Raw_Data!F3) | G3: =C3*D3*(1-F3)
A4: =T5_Raw_Data!A4 | B4: =DATE(VALUE(RIGHT(T5_Raw_Data!B4,4)),VALUE(MID(T5_Raw_Data!B4,4,2)),VALUE(LEFT(T5_Raw_Data!B4,2))) | C4: =VALUE(SUBSTITUTE(SUBSTITUTE(T5_Raw_Data!C4,"₹",""),",","")) | D4: =VALUE(T5_Raw_Data!D4) | E4: =T5_Raw_Data!E4 | F4: =VALUE(T5_Raw_Data!F4) | G4: =C4*D4*(1-F4)
A5: =T5_Raw_Data!A5 | B5: =DATE(VALUE(RIGHT(T5_Raw_Data!B5,4)),VALUE(MID(T5_Raw_Data!B5,4,2)),VALUE(LEFT(T5_Raw_Data!B5,2))) | C5: =VALUE(SUBSTITUTE(SUBSTITUTE(T5_Raw_Data!C5,"₹",""),",","")) | D5: =VALUE(T5_Raw_Data!D5) | E5: =T5_Raw_Data!E5 | F5: =VALUE(T5_Raw_Data!F5) | G5: =C5*D5*(1-F5)
A6: =T5_Raw_Data!A6 | B6: =DATE(VALUE(RIGHT(T5_Raw_Data!B6,4)),VALUE(MID(T5_Raw_Data!B6,4,2)),VALUE(LEFT(T5_Raw_Data!B6,2))) | C6: =VALUE(SUBSTITUTE(SUBSTITUTE(T5_Raw_Data!C6,"₹",""),",","")) | D6: =VALUE(T5_Raw_Data!D6) | E6: =T5_Raw_Data!E6 | F6: =VALUE(T5_Raw_Data!F6) | G6: =C6*D6*(1-F6)
A7: =T5_Raw_Data!A7 | B7: =DATE(VALUE(RIGHT(T5_Raw_Data!B7,4)),VALUE(MID(T5_Raw_Data!B7,4,2)),VALUE(LEFT(T5_Raw_Data!B7,2))) | C7: =VALUE(SUBSTITUTE(SUBSTITUTE(T5_Raw_Data!C7,"₹",""),",","")) | D7: =VALUE(T5_Raw_Data!D7) | E7: =T5_Raw_Data!E7 | F7: =VALUE(T5_Raw_Data!F7) | G7: =C7*D7*(1-F7)
A8: =T5_Raw_Data!A8 | B8: =DATE(VALUE(RIGHT(T5_Raw_Data!B8,4)),VALUE(MID(T5_Raw_Data!B8,4,2)),VALUE(LEFT(T5_Raw_Data!B8,2))) | C8: =VALUE(SUBSTITUTE(SUBSTITUTE(T5_Raw_Data!C8,"₹",""),",","")) | D8: =VALUE(T5_Raw_Data!D8) | E8: =T5_Raw_Data!E8 | F8: =VALUE(T5_Raw_Data!F8) | G8: =C8*D8*(1-F8)
A9: =T5_Raw_Data!A9 | B9: =DATE(VALUE(RIGHT(T5_Raw_Data!B9,4)),VALUE(MID(T5_Raw_Data!B9,4,2)),VALUE(LEFT(T5_Raw_Data!B9,2))) | C9: =VALUE(SUBSTITUTE(SUBSTITUTE(T5_Raw_Data!C9,"₹",""),",","")) | D9: =VALUE(T5_Raw_Data!D9) | E9: =T5_Raw_Data!E9 | F9: =VALUE(T5_Raw_Data!F9) | G9: =C9*D9*(1-F9)

Sheet T5_Steps
A1: Column | B1: Problem found | C1: Correct type | D1: Steps taken in Excel
A2: Order Date | B2: Stored as text (dd/mm/yyyy), left-aligned, cannot be sorted by date | C2: Date | D2: Select column > Data > Text to Columns > Next > Next > Column data format = Date (DMY) > Finish. (Sheet uses DATE/LEFT/MID/RIGHT.)
A3: Item Price | B3: Stored as text with the ₹ symbol and commas, so SUM returns 0 | C3: Number (currency) | D3: Find & Replace ₹ and , with nothing, then Format Cells > Currency (or VALUE/SUBSTITUTE as in the cleaned sheet).
A4: Quantity | B4: Numbers stored as text (green triangle, left aligned) | C4: Whole number | D4: Select cells > warning icon > Convert to Number (or VALUE()).
A5: Rating | B5: Number 4.5 formatted as a date (shows 04-01-1900) | C5: Decimal number | D5: Home > Number Format > General/Number with 1 decimal.
A6: Discount | B6: Percentage stored as text '10%' | C6: Percentage | D6: Convert to Number, then Format Cells > Percentage (or VALUE()).
