Workbook

Sheet Task Notes
A1: Set 16 - Dashboard design: wireframe, KPI cards, donut, waterfall, colour theory
A2: Each task has its own worksheet (named in the 'Worksheet' column). Sample data is synthetic and created for this assignment.
A4: Task | B4: Question (summary) | C4: Worksheet | D4: What was done / answer / explanation
A5: 1 | B5: Wireframe for Zomato-style analytics report: Header, KPIs, Trends, Insights. | C5: T1_Wireframe | D5: Grid wireframe built with merged, colour-filled cells: dark header band, three KPI blocks, a large Trends area (waterfall), Insight chart (donut) + auto-text block and a footer. Layout follows a top-to-bottom reading order. A JPG snapshot is provided (Set16_Wireframe.jpg).
A6: 2 | B6: Three KPI cards: Min, Max, Average order value. | C6: T2_KPI_Cards | D6: Formula: =MIN, =MAX and =AVERAGE of Data!E2:E176 shown in merged-cell cards with large white numbers on grey / green / black fills (emphasis through size and colour).
A7: 3 | B7: Donut chart of cuisine proportions, modern dashboard style. | C7: T3_Donut | D7: COUNTIF per cuisine (Indian, Fast Food, Italian, Chinese, Desserts) feeds a doughnut chart: 62% hole size, white separators between slices, Spotify-inspired green/grey palette and percentage labels.
A8: 4 | B8: Waterfall chart of month-on-month change in total orders. | C8: T4_Waterfall | D8: Monthly order counts (COUNTIFS) -> change vs previous month -> stacked-column waterfall (invisible base + total / increase / decrease series) with green increases and red decreases. In Excel 2016+ you can also select A1:A8 and C1:C8 > Insert > Waterfall for the native chart type; the stacked version works in every Excel version.
A9: 5 | B9: Alignment, spacing and colour theory; consistent palette inspired by a favourite app. | C9: T5_Dashboard | D9: Everything snaps to a 14-column grid (B-O, equal widths): header band, three equal KPI cards (4 columns each, 1-column gaps), donut and waterfall side by side, insights strip and footer. Spotify-inspired palette with one accent colour (green) for emphasis, black/grey for structure and red reserved for decreases; Arial throughout; generous white space. Snapshot: Set16_Dashboard.jpg.

Sheet Data
A1: Order ID | B1: Order Date | C1: Restaurant | D1: Cuisine | E1: Order Amount (Rs)
A2: ZM5001 | B2: 46097 | C2: Gwalia Sweets | D2: Desserts | E2: 1390
A3: ZM5002 | B3: 46095 | C3: Honest Restaurant | D3: Indian | E3: 740
A4: ZM5003 | B4: 46082 | C4: KFC | D4: Fast Food | E4: 1200
A5: ZM5004 | B5: 46089 | C5: Honest Restaurant | D5: Indian | E5: 720
A6: ZM5005 | B6: 46091 | C6: Burger King | D6: Fast Food | E6: 930
A7: ZM5006 | B7: 46103 | C7: Gwalia Sweets | D7: Desserts | E7: 520
A8: ZM5007 | B8: 46082 | C8: Honest Restaurant | D8: Indian | E8: 720
A9: ZM5008 | B9: 46082 | C9: Honest Restaurant | D9: Indian | E9: 550
A10: ZM5009 | B10: 46096 | C10: Burger King | D10: Fast Food | E10: 1320
A11: ZM5010 | B11: 46089 | C11: Honest Restaurant | D11: Indian | E11: 950
A12: ZM5011 | B12: 46090 | C12: Gwalia Sweets | D12: Desserts | E12: 1230
A13: ZM5012 | B13: 46093 | C13: Domino's | D13: Italian | E13: 1420
... A176: ZM5175 | B176: 46278 | C176: Gwalia Sweets | D176: Desserts | E176: 190

Sheet T1_Wireframe
B2: HEADER - logo | dashboard title | date / city filter
B5: KPI 1 MIN order value | G5: KPI 2 MAX order value | L5: KPI 3 AVERAGE order value
B9: TRENDS Waterfall: month-on-month change in orders (+ line chart of daily / monthly sales) | K9: INSIGHT CHART Donut: cuisine share of orders
K15: INSIGHTS Auto-generated text: top cuisine, best month, highest order
B22: FOOTER - data source, last refreshed, notes
B24: Reading order: Header -> KPIs (what happened) -> Trends (how it changed) -> Insights (why it matters).

Sheet T2_KPI_Cards
B3: MIN ORDER VALUE | F3: MAX ORDER VALUE | J3: AVERAGE ORDER VALUE
B4: =MIN(Data!E2:E176) -> 160 | F4: =MAX(Data!E2:E176) -> 1460 | J4: =AVERAGE(Data!E2:E176) -> 776.74286
B7: Formulas read the Order Amount column on the Data sheet, so cards update when data changes.

Sheet T3_Donut
A1: Cuisine | B1: Orders | C1: Share
A2: Indian | B2: =COUNTIF(Data!$D$2:$D$176,A2) -> 53 | C2: =B2/SUM($B$2:$B$6) -> 0.30285714
A3: Fast Food | B3: =COUNTIF(Data!$D$2:$D$176,A3) -> 40 | C3: =B3/SUM($B$2:$B$6) -> 0.22857143
A4: Italian | B4: =COUNTIF(Data!$D$2:$D$176,A4) -> 34 | C4: =B4/SUM($B$2:$B$6) -> 0.19428571
A5: Chinese | B5: =COUNTIF(Data!$D$2:$D$176,A5) -> 25 | C5: =B5/SUM($B$2:$B$6) -> 0.14285714
A6: Desserts | B6: =COUNTIF(Data!$D$2:$D$176,A6) -> 23 | C6: =B6/SUM($B$2:$B$6) -> 0.13142857
A7: Total | B7: =SUM(B2:B6) -> 175

Sheet T4_Waterfall
A1: Month | B1: Month start | C1: Total orders | D1: Change vs previous | E1: Base (hidden) | F1: Total | G1: Increase | H1: Decrease
A2: Mar (start) | B2: 46082 | C2: =COUNTIFS(Data!$B$2:$B$176,">="&B2,Data!$B$2:$B$176,"<="&EOMONTH(B2,0)) -> 18 | E2: 0 | F2: =C2 -> 18 | G2: 0 | H2: 0
A3: Apr | B3: 46113 | C3: =COUNTIFS(Data!$B$2:$B$176,">="&B3,Data!$B$2:$B$176,"<="&EOMONTH(B3,0)) -> 24 | D3: =C3-C2 -> 6 | E3: =MIN(C2,C3) -> 18 | F3: 0 | G3: =MAX(D3,0) -> 6 | H3: =MAX(-D3,0) -> 0
A4: May | B4: 46143 | C4: =COUNTIFS(Data!$B$2:$B$176,">="&B4,Data!$B$2:$B$176,"<="&EOMONTH(B4,0)) -> 21 | D4: =C4-C3 -> -3 | E4: =MIN(C3,C4) -> 21 | F4: 0 | G4: =MAX(D4,0) -> 0 | H4: =MAX(-D4,0) -> 3
A5: Jun | B5: 46174 | C5: =COUNTIFS(Data!$B$2:$B$176,">="&B5,Data!$B$2:$B$176,"<="&EOMONTH(B5,0)) -> 27 | D5: =C5-C4 -> 6 | E5: =MIN(C4,C5) -> 21 | F5: 0 | G5: =MAX(D5,0) -> 6 | H5: =MAX(-D5,0) -> 0
A6: Jul | B6: 46204 | C6: =COUNTIFS(Data!$B$2:$B$176,">="&B6,Data!$B$2:$B$176,"<="&EOMONTH(B6,0)) -> 25 | D6: =C6-C5 -> -2 | E6: =MIN(C5,C6) -> 25 | F6: 0 | G6: =MAX(D6,0) -> 0 | H6: =MAX(-D6,0) -> 2
A7: Aug | B7: 46235 | C7: =COUNTIFS(Data!$B$2:$B$176,">="&B7,Data!$B$2:$B$176,"<="&EOMONTH(B7,0)) -> 31 | D7: =C7-C6 -> 6 | E7: =MIN(C6,C7) -> 25 | F7: 0 | G7: =MAX(D7,0) -> 6 | H7: =MAX(-D7,0) -> 0
A8: Sep (end) | B8: 46266 | C8: =COUNTIFS(Data!$B$2:$B$176,">="&B8,Data!$B$2:$B$176,"<="&EOMONTH(B8,0)) -> 29 | D8: =C8-C7 -> -2 | E8: 0 | F8: =C8 -> 29 | G8: 0 | H8: 0
A10: Chart legend: blue = total, green = increase, red = decrease. The 'Base' series is invisible and lifts each floating bar to the previous month's level.

Sheet T5_Dashboard
B1: ZOMATO-STYLE FOOD DELIVERY ANALYTICS | Mar - Sep 2026
B4: MIN ORDER VALUE | G4: MAX ORDER VALUE | L4: AVERAGE ORDER VALUE
B5: =MIN(Data!E2:E176) -> 160 | G5: =MAX(Data!E2:E176) -> 1460 | L5: =AVERAGE(Data!E2:E176) -> 776.74286
B26: INSIGHTS
B27: ="Most ordered cuisine: "&INDEX(T3_Donut!A2:A6,MATCH(MAX(T3_Donut!B2:B6),T3_Donut!B2:B6,0))&" ("&TEXT(MAX(T3_Donut!C2:C6),"0%")&" of all orders)" -> Most ordered cuisine: Indian (30% of all orders)
B28: ="Strongest growth: "&INDEX(T4_Waterfall!A3:A8,MATCH(MAX(T4_Waterfall!D3:D8),T4_Waterfall!D3:D8,0))&" (+"&MAX(T4_Waterfall!D3:D8)&" orders vs the previous month)" -> Strongest growth: Apr (+6 orders vs the previous month)
B29: ="Total orders analysed: "&COUNTA(Data!A2:A176)&" | Highest single order: Rs "&TEXT(MAX(Data!E2:E176),"#,##0") -> Total orders analysed: 175 | Highest single order: Rs 1,460
B31: Palette: Spotify-inspired - black #191414 (structure), green #1DB954 (highlight / growth), grey #535353 (neutral), red #E22134 (decline only)
