Workbook

Sheet Task Notes
A1: Set 13 - Pivot charts, slicer substitute and interactive dashboard
A2: Each task has its own worksheet (named in the 'Worksheet' column). Sample data is synthetic and created for this assignment.
A4: Task | B4: Question (summary) | C4: Worksheet | D4: What was done / answer / explanation
A5: 1 | B5: Pivot Table: total sales per restaurant. | C5: T1_PivotTable / T1_Summary | D5: Real PivotTable on sheet T1_PivotTable (Restaurant in Rows, Sum of Amount in Values). T1_Summary holds the same totals as formulas and feeds all charts.
A6: 2 | B6: Pivot Chart (bar) of restaurant sales with a custom colour scheme. | C6: T2_Bar_Chart | D6: Horizontal bar chart of restaurant totals with a custom 8-colour palette (blue / orange / green family) and data labels. In Excel: click the pivot > PivotTable Analyze > PivotChart > Bar; Chart Design > Change Colors for the palette.
A7: 3 | B7: Slicer to filter the pivot table and chart by month. | C7: T3_Month_Filter | D7: Choose a month in yellow cell B1 (or All Months): table and chart show that month's sales per restaurant. To add a real Slicer in Excel: click the pivot chart > PivotChart Analyze > Insert Slicer > Month (the Data sheet already has a Month column).
A8: 4 | B8: Switch to Pie chart; labels with value and percentage. | C8: T4_Pie_Chart | D8: Pie chart of restaurant share. Data labels show Value and Percentage (right-click series > Add Data Labels > Format Data Labels > tick Value and Percentage).
A9: 5 | B9: Interactive dashboard: line chart of monthly sales for top 3 restaurants, clean layout. | C9: T5_Dashboard | D9: Title banner, four KPI cards, a line chart of the top 3 restaurants' monthly sales (ranks computed with LARGE/MATCH so they update if data changes) and a bar chart. The 'Select month' drop-down (C3) drives the KPI cards and bar chart. Consistent navy/blue palette, aligned grid (columns B-M), Arial throughout. A PNG/JPG snapshot is provided as Set13_Dashboard.jpg.

Sheet Data
A1: Order ID | B1: Restaurant | C1: Order Date | D1: Month | E1: Amount
A2: ORD1001 | B2: Honest Restaurant | C2: 46288 | D2: Sep 2026 | E2: 1310
A3: ORD1002 | B3: Biryani Blues | C3: 46170 | D3: May 2026 | E3: 1260
A4: ORD1003 | B4: Domino's | C4: 46188 | D4: Jun 2026 | E4: 1100
A5: ORD1004 | B5: Pizza Hut | C5: 46183 | D5: Jun 2026 | E5: 160
A6: ORD1005 | B6: Honest Restaurant | C6: 46148 | D6: May 2026 | E6: 700
A7: ORD1006 | B7: Biryani Blues | C7: 46222 | D7: Jul 2026 | E7: 870
A8: ORD1007 | B8: Gwalia Sweets | C8: 46265 | D8: Aug 2026 | E8: 590
A9: ORD1008 | B9: KFC | C9: 46147 | D9: May 2026 | E9: 1100
A10: ORD1009 | B10: KFC | C10: 46164 | D10: May 2026 | E10: 520
A11: ORD1010 | B11: Gwalia Sweets | C11: 46180 | D11: Jun 2026 | E11: 730
A12: ORD1011 | B12: Pizza Hut | C12: 46173 | D12: May 2026 | E12: 850
A13: ORD1012 | B13: Biryani Blues | C13: 46131 | D13: Apr 2026 | E13: 310
... A181: ORD1180 | B181: KFC | C181: 46222 | D181: Jul 2026 | E181: 1230

Sheet T1_Summary
A1: Restaurant | B1: Total Sales
A2: Burger King | B2: =SUMIFS(Data!$E$2:$E$181,Data!$B$2:$B$181,A2) -> 17970
A3: Domino's | B3: =SUMIFS(Data!$E$2:$E$181,Data!$B$2:$B$181,A3) -> 19290
A4: Pizza Hut | B4: =SUMIFS(Data!$E$2:$E$181,Data!$B$2:$B$181,A4) -> 19280
A5: Biryani Blues | B5: =SUMIFS(Data!$E$2:$E$181,Data!$B$2:$B$181,A5) -> 17460
A6: Honest Restaurant | B6: =SUMIFS(Data!$E$2:$E$181,Data!$B$2:$B$181,A6) -> 12490
A7: Gwalia Sweets | B7: =SUMIFS(Data!$E$2:$E$181,Data!$B$2:$B$181,A7) -> 15300
A8: Wok Express | B8: =SUMIFS(Data!$E$2:$E$181,Data!$B$2:$B$181,A8) -> 20790
A9: KFC | B9: =SUMIFS(Data!$E$2:$E$181,Data!$B$2:$B$181,A9) -> 22290
A10: Grand total | B10: =SUM(B2:B9) -> 144870

Sheet T2_Bar_Chart
A1: Restaurant | B1: Total Sales
A2: Burger King | B2: =T1_Summary!B2 -> 17970
A3: Domino's | B3: =T1_Summary!B3 -> 19290
A4: Pizza Hut | B4: =T1_Summary!B4 -> 19280
A5: Biryani Blues | B5: =T1_Summary!B5 -> 17460
A6: Honest Restaurant | B6: =T1_Summary!B6 -> 12490
A7: Gwalia Sweets | B7: =T1_Summary!B7 -> 15300
A8: Wok Express | B8: =T1_Summary!B8 -> 20790
A9: KFC | B9: =T1_Summary!B9 -> 22290

Sheet T3_Month_Filter
A1: Month filter (slicer substitute): | B1: All Months | C1: criteria -> | D1: =IF(B1="All Months","*",B1) -> *
A3: Restaurant | B3: Sales in selected month
A4: Burger King | B4: =SUMIFS(Data!$E$2:$E$181,Data!$B$2:$B$181,A4,Data!$D$2:$D$181,$D$1) -> 17970
A5: Domino's | B5: =SUMIFS(Data!$E$2:$E$181,Data!$B$2:$B$181,A5,Data!$D$2:$D$181,$D$1) -> 19290
A6: Pizza Hut | B6: =SUMIFS(Data!$E$2:$E$181,Data!$B$2:$B$181,A6,Data!$D$2:$D$181,$D$1) -> 19280
A7: Biryani Blues | B7: =SUMIFS(Data!$E$2:$E$181,Data!$B$2:$B$181,A7,Data!$D$2:$D$181,$D$1) -> 17460
A8: Honest Restaurant | B8: =SUMIFS(Data!$E$2:$E$181,Data!$B$2:$B$181,A8,Data!$D$2:$D$181,$D$1) -> 12490
A9: Gwalia Sweets | B9: =SUMIFS(Data!$E$2:$E$181,Data!$B$2:$B$181,A9,Data!$D$2:$D$181,$D$1) -> 15300
A10: Wok Express | B10: =SUMIFS(Data!$E$2:$E$181,Data!$B$2:$B$181,A10,Data!$D$2:$D$181,$D$1) -> 20790
A11: KFC | B11: =SUMIFS(Data!$E$2:$E$181,Data!$B$2:$B$181,A11,Data!$D$2:$D$181,$D$1) -> 22290

Sheet T4_Pie_Chart
A1: Restaurant | B1: Total Sales
A2: Burger King | B2: =T1_Summary!B2 -> 17970
A3: Domino's | B3: =T1_Summary!B3 -> 19290
A4: Pizza Hut | B4: =T1_Summary!B4 -> 19280
A5: Biryani Blues | B5: =T1_Summary!B5 -> 17460
A6: Honest Restaurant | B6: =T1_Summary!B6 -> 12490
A7: Gwalia Sweets | B7: =T1_Summary!B7 -> 15300
A8: Wok Express | B8: =T1_Summary!B8 -> 20790
A9: KFC | B9: =T1_Summary!B9 -> 22290

Sheet T5_Dashboard
B1: FOOD DELIVERY SALES DASHBOARD | Apr - Sep 2026
B3: Select month: | C3: All Months | D3: =IF(C3="All Months","*",C3) -> *
B4: TOTAL SALES (Rs) | E4: TOTAL ORDERS | H4: AVG ORDER VALUE (Rs) | K4: TOP RESTAURANT
B5: =SUMIFS(Data!$E$2:$E$181,Data!$D$2:$D$181,$D$3) -> 144870 | E5: =COUNTIFS(Data!$D$2:$D$181,$D$3) -> 180 | H5: =IF(E5=0,0,B5/E5) -> 804.83333 | K5: =INDEX(A36:A43,MATCH(MAX(B36:B43),B36:B43,0)) -> KFC
B26: Top 3 restaurants - monthly sales (feeds line chart; ranks update automatically)
B27: Restaurant | C27: Apr 2026 | D27: May 2026 | E27: Jun 2026 | F27: Jul 2026 | G27: Aug 2026 | H27: Sep 2026
B28: =INDEX(T1_Summary!$A$2:$A$9,MATCH(LARGE(T1_Summary!$B$2:$B$9,1),T1_Summary!$B$2:$B$9,0)) -> KFC | C28: =SUMIFS(Data!$E$2:$E$181,Data!$B$2:$B$181,$B28,Data!$D$2:$D$181,C$27) -> 3800 | D28: =SUMIFS(Data!$E$2:$E$181,Data!$B$2:$B$181,$B28,Data!$D$2:$D$181,D$27) -> 4980 | E28: =SUMIFS(Data!$E$2:$E$181,Data!$B$2:$B$181,$B28,Data!$D$2:$D$181,E$27) -> 2310 | F28: =SUMIFS(Data!$E$2:$E$181,Data!$B$2:$B$181,$B28,Data!$D$2:$D$181,F$27) -> 2510 | G28: =SUMIFS(Data!$E$2:$E$181,Data!$B$2:$B$181,$B28,Data!$D$2:$D$181,G$27) -> 6340 | H28: =SUMIFS(Data!$E$2:$E$181,Data!$B$2:$B$181,$B28,Data!$D$2:$D$181,H$27) -> 2350
B29: =INDEX(T1_Summary!$A$2:$A$9,MATCH(LARGE(T1_Summary!$B$2:$B$9,2),T1_Summary!$B$2:$B$9,0)) -> Wok Express | C29: =SUMIFS(Data!$E$2:$E$181,Data!$B$2:$B$181,$B29,Data!$D$2:$D$181,C$27) -> 2420 | D29: =SUMIFS(Data!$E$2:$E$181,Data!$B$2:$B$181,$B29,Data!$D$2:$D$181,D$27) -> 3050 | E29: =SUMIFS(Data!$E$2:$E$181,Data!$B$2:$B$181,$B29,Data!$D$2:$D$181,E$27) -> 6850 | F29: =SUMIFS(Data!$E$2:$E$181,Data!$B$2:$B$181,$B29,Data!$D$2:$D$181,F$27) -> 4870 | G29: =SUMIFS(Data!$E$2:$E$181,Data!$B$2:$B$181,$B29,Data!$D$2:$D$181,G$27) -> 2390 | H29: =SUMIFS(Data!$E$2:$E$181,Data!$B$2:$B$181,$B29,Data!$D$2:$D$181,H$27) -> 1210
B30: =INDEX(T1_Summary!$A$2:$A$9,MATCH(LARGE(T1_Summary!$B$2:$B$9,3),T1_Summary!$B$2:$B$9,0)) -> Domino's | C30: =SUMIFS(Data!$E$2:$E$181,Data!$B$2:$B$181,$B30,Data!$D$2:$D$181,C$27) -> 2740 | D30: =SUMIFS(Data!$E$2:$E$181,Data!$B$2:$B$181,$B30,Data!$D$2:$D$181,D$27) -> 3510 | E30: =SUMIFS(Data!$E$2:$E$181,Data!$B$2:$B$181,$B30,Data!$D$2:$D$181,E$27) -> 1520 | F30: =SUMIFS(Data!$E$2:$E$181,Data!$B$2:$B$181,$B30,Data!$D$2:$D$181,F$27) -> 4630 | G30: =SUMIFS(Data!$E$2:$E$181,Data!$B$2:$B$181,$B30,Data!$D$2:$D$181,G$27) -> 5880 | H30: =SUMIFS(Data!$E$2:$E$181,Data!$B$2:$B$181,$B30,Data!$D$2:$D$181,H$27) -> 1010
B34: Sales by restaurant for the selected month (feeds KPI + bar chart)
A35: Restaurant | B35: Sales
A36: Burger King | B36: =SUMIFS(Data!$E$2:$E$181,Data!$B$2:$B$181,A36,Data!$D$2:$D$181,$D$3) -> 17970
A37: Domino's | B37: =SUMIFS(Data!$E$2:$E$181,Data!$B$2:$B$181,A37,Data!$D$2:$D$181,$D$3) -> 19290
A38: Pizza Hut | B38: =SUMIFS(Data!$E$2:$E$181,Data!$B$2:$B$181,A38,Data!$D$2:$D$181,$D$3) -> 19280
A39: Biryani Blues | B39: =SUMIFS(Data!$E$2:$E$181,Data!$B$2:$B$181,A39,Data!$D$2:$D$181,$D$3) -> 17460
A40: Honest Restaurant | B40: =SUMIFS(Data!$E$2:$E$181,Data!$B$2:$B$181,A40,Data!$D$2:$D$181,$D$3) -> 12490
A41: Gwalia Sweets | B41: =SUMIFS(Data!$E$2:$E$181,Data!$B$2:$B$181,A41,Data!$D$2:$D$181,$D$3) -> 15300
A42: Wok Express | B42: =SUMIFS(Data!$E$2:$E$181,Data!$B$2:$B$181,A42,Data!$D$2:$D$181,$D$3) -> 20790
A43: KFC | B43: =SUMIFS(Data!$E$2:$E$181,Data!$B$2:$B$181,A43,Data!$D$2:$D$181,$D$3) -> 22290

Sheet T1_PivotTable
A2: Filter
A4: Restaurant | B4: Sum - Amount
A5: Biryani Blues | B5: 17460
A6: Burger King | B6: 17970
A7: Domino's | B7: 19290
A8: Gwalia Sweets | B8: 15300
A9: Honest Restaurant | B9: 12490
A10: KFC | B10: 22290
A11: Pizza Hut | B11: 19280
A12: Wok Express | B12: 20790
A13: Grand Total | B13: 144870
