Workbook

Sheet Task Notes
A1: Set 12 - Pivot grouping, calculated field, slicer and drill-down
A2: Each task has its own worksheet (named in the 'Worksheet' column). Sample data is synthetic and created for this assignment.
A4: Task | B4: Question (summary) | C4: Worksheet | D4: What was done / answer / explanation
A5: 1 | B5: Group order dates by Month and Year (total sales). | C5: T1_Month_Year | D5: In a PivotTable: drop Order Date in Rows > right-click a date > Group > select Months and Years > OK; Amount in Values. This sheet reproduces the grouped result with SUMIFS (each month is a date range), plus the Year subtotals in F:H.
A6: 2 | B6: Group by Quarter; show quarterly trend for the latest year (2026). | C6: T2_Quarterly | D6: Right-click a date in the pivot > Group > Quarters (+ Years). The table lists each quarter with start/end dates and SUMIFS totals; rows for 2026 (Q1-Q3, data runs to 30-Sep-2026) are the latest-year trend shown in the column chart.
A7: 3 | B7: Calculated Field: average order value per month. | C7: T3_Avg_Order_Value | D7: PivotTable Analyze > Fields, Items & Sets > Calculated Field: Name = AvgOrderValue, Formula = Amount / OrderCount (add a helper column OrderCount = 1 in the source, or use Count of Order ID as a second value). Here the same logic is =Sum of Amount / Count of Orders for every month (column D).
A8: 4 | B8: Slicer on City / Restaurant to filter sales trends. | C8: T4_Slicer_Filter | D8: Pick a city or restaurant in the yellow drop-downs (B1, B2) - table and chart update instantly (e.g. Ahmedabad / Burger King). This is the formula-driven equivalent of a Slicer. To add a true Slicer in Excel: click the pivot > PivotTable Analyze > Insert Slicer > tick City / Restaurant.
A9: 5 | B9: Double-click a quarterly total to drill down; describe new worksheet. | C9: T5_Drilldown_Q2_2026 | D9: Double-clicking the Q2-2026 total in the pivot makes Excel insert a NEW worksheet (e.g. 'Sheet2') holding an Excel table with every source row behind that number - all columns of the Data sheet (Order ID, Order Date, Restaurant, City, Amount) for the 38 orders placed between 1-Apr-2026 and 30-Jun-2026. The sum of its Amount column equals the pivot cell. This sheet shows that drill-down result.

Sheet Data
A1: Order ID | B1: Order Date | C1: Restaurant | D1: City | E1: Amount
A2: ORD1001 | B2: 46016 | C2: KFC | D2: Vadodara | E2: 820
A3: ORD1002 | B3: 46129 | C3: Burger King | D3: Vadodara | E3: 500
A4: ORD1003 | B4: 46108 | C4: Burger King | D4: Mumbai | E4: 330
A5: ORD1004 | B5: 45862 | C5: Gwalia Sweets | D5: Surat | E5: 880
A6: ORD1005 | B6: 45747 | C6: Gwalia Sweets | D6: Mumbai | E6: 1170
A7: ORD1006 | B7: 46112 | C7: Biryani Blues | D7: Ahmedabad | E7: 1360
A8: ORD1007 | B8: 46294 | C8: Wok Express | D8: Surat | E8: 550
A9: ORD1008 | B9: 45743 | C9: Burger King | D9: Pune | E9: 790
A10: ORD1009 | B10: 46146 | C10: Wok Express | D10: Mumbai | E10: 750
A11: ORD1010 | B11: 45854 | C11: Burger King | D11: Mumbai | E11: 250
A12: ORD1011 | B12: 45975 | C12: Gwalia Sweets | D12: Mumbai | E12: 1010
A13: ORD1012 | B13: 46181 | C13: Biryani Blues | D13: Vadodara | E13: 620
... A241: ORD1240 | B241: 46007 | C241: Pizza Hut | D241: Pune | E241: 590

Sheet T1_Month_Year
A1: Year | B1: Month | C1: Total Sales | D1: Orders | F1: Year | G1: Total Sales (grouped by Year) | H1: Orders
A2: 2025 | B2: 45658 | C2: =SUMIFS(Data!$E$2:$E$241,Data!$B$2:$B$241,">="&B2,Data!$B$2:$B$241,"<="&EOMONTH(B2,0)) -> 9490 | D2: =COUNTIFS(Data!$B$2:$B$241,">="&B2,Data!$B$2:$B$241,"<="&EOMONTH(B2,0)) -> 10 | F2: 2025 | G2: =SUMIFS(Data!$E$2:$E$241,Data!$B$2:$B$241,">="&DATE(F2,1,1),Data!$B$2:$B$241,"<="&DATE(F2,12,31)) -> 98490 | H2: =COUNTIFS(Data!$B$2:$B$241,">="&DATE(F2,1,1),Data!$B$2:$B$241,"<="&DATE(F2,12,31)) -> 127
A3: 2025 | B3: 45689 | C3: =SUMIFS(Data!$E$2:$E$241,Data!$B$2:$B$241,">="&B3,Data!$B$2:$B$241,"<="&EOMONTH(B3,0)) -> 9820 | D3: =COUNTIFS(Data!$B$2:$B$241,">="&B3,Data!$B$2:$B$241,"<="&EOMONTH(B3,0)) -> 12 | F3: 2026 | G3: =SUMIFS(Data!$E$2:$E$241,Data!$B$2:$B$241,">="&DATE(F3,1,1),Data!$B$2:$B$241,"<="&DATE(F3,12,31)) -> 93630 | H3: =COUNTIFS(Data!$B$2:$B$241,">="&DATE(F3,1,1),Data!$B$2:$B$241,"<="&DATE(F3,12,31)) -> 113
A4: 2025 | B4: 45717 | C4: =SUMIFS(Data!$E$2:$E$241,Data!$B$2:$B$241,">="&B4,Data!$B$2:$B$241,"<="&EOMONTH(B4,0)) -> 8960 | D4: =COUNTIFS(Data!$B$2:$B$241,">="&B4,Data!$B$2:$B$241,"<="&EOMONTH(B4,0)) -> 13 | F4: Grand total | G4: =SUM(G2:G3) -> 192120 | H4: =SUM(H2:H3) -> 240
A5: 2025 | B5: 45748 | C5: =SUMIFS(Data!$E$2:$E$241,Data!$B$2:$B$241,">="&B5,Data!$B$2:$B$241,"<="&EOMONTH(B5,0)) -> 5180 | D5: =COUNTIFS(Data!$B$2:$B$241,">="&B5,Data!$B$2:$B$241,"<="&EOMONTH(B5,0)) -> 8
A6: 2025 | B6: 45778 | C6: =SUMIFS(Data!$E$2:$E$241,Data!$B$2:$B$241,">="&B6,Data!$B$2:$B$241,"<="&EOMONTH(B6,0)) -> 8500 | D6: =COUNTIFS(Data!$B$2:$B$241,">="&B6,Data!$B$2:$B$241,"<="&EOMONTH(B6,0)) -> 10
A7: 2025 | B7: 45809 | C7: =SUMIFS(Data!$E$2:$E$241,Data!$B$2:$B$241,">="&B7,Data!$B$2:$B$241,"<="&EOMONTH(B7,0)) -> 5510 | D7: =COUNTIFS(Data!$B$2:$B$241,">="&B7,Data!$B$2:$B$241,"<="&EOMONTH(B7,0)) -> 9
A8: 2025 | B8: 45839 | C8: =SUMIFS(Data!$E$2:$E$241,Data!$B$2:$B$241,">="&B8,Data!$B$2:$B$241,"<="&EOMONTH(B8,0)) -> 10320 | D8: =COUNTIFS(Data!$B$2:$B$241,">="&B8,Data!$B$2:$B$241,"<="&EOMONTH(B8,0)) -> 15
A9: 2025 | B9: 45870 | C9: =SUMIFS(Data!$E$2:$E$241,Data!$B$2:$B$241,">="&B9,Data!$B$2:$B$241,"<="&EOMONTH(B9,0)) -> 6250 | D9: =COUNTIFS(Data!$B$2:$B$241,">="&B9,Data!$B$2:$B$241,"<="&EOMONTH(B9,0)) -> 9
A10: 2025 | B10: 45901 | C10: =SUMIFS(Data!$E$2:$E$241,Data!$B$2:$B$241,">="&B10,Data!$B$2:$B$241,"<="&EOMONTH(B10,0)) -> 7150 | D10: =COUNTIFS(Data!$B$2:$B$241,">="&B10,Data!$B$2:$B$241,"<="&EOMONTH(B10,0)) -> 9
A11: 2025 | B11: 45931 | C11: =SUMIFS(Data!$E$2:$E$241,Data!$B$2:$B$241,">="&B11,Data!$B$2:$B$241,"<="&EOMONTH(B11,0)) -> 9610 | D11: =COUNTIFS(Data!$B$2:$B$241,">="&B11,Data!$B$2:$B$241,"<="&EOMONTH(B11,0)) -> 10
A12: 2025 | B12: 45962 | C12: =SUMIFS(Data!$E$2:$E$241,Data!$B$2:$B$241,">="&B12,Data!$B$2:$B$241,"<="&EOMONTH(B12,0)) -> 10320 | D12: =COUNTIFS(Data!$B$2:$B$241,">="&B12,Data!$B$2:$B$241,"<="&EOMONTH(B12,0)) -> 12
A13: 2025 | B13: 45992 | C13: =SUMIFS(Data!$E$2:$E$241,Data!$B$2:$B$241,">="&B13,Data!$B$2:$B$241,"<="&EOMONTH(B13,0)) -> 7380 | D13: =COUNTIFS(Data!$B$2:$B$241,">="&B13,Data!$B$2:$B$241,"<="&EOMONTH(B13,0)) -> 10
A14: 2026 | B14: 46023 | C14: =SUMIFS(Data!$E$2:$E$241,Data!$B$2:$B$241,">="&B14,Data!$B$2:$B$241,"<="&EOMONTH(B14,0)) -> 16350 | D14: =COUNTIFS(Data!$B$2:$B$241,">="&B14,Data!$B$2:$B$241,"<="&EOMONTH(B14,0)) -> 18
A15: 2026 | B15: 46054 | C15: =SUMIFS(Data!$E$2:$E$241,Data!$B$2:$B$241,">="&B15,Data!$B$2:$B$241,"<="&EOMONTH(B15,0)) -> 11180 | D15: =COUNTIFS(Data!$B$2:$B$241,">="&B15,Data!$B$2:$B$241,"<="&EOMONTH(B15,0)) -> 13
A16: 2026 | B16: 46082 | C16: =SUMIFS(Data!$E$2:$E$241,Data!$B$2:$B$241,">="&B16,Data!$B$2:$B$241,"<="&EOMONTH(B16,0)) -> 9270 | D16: =COUNTIFS(Data!$B$2:$B$241,">="&B16,Data!$B$2:$B$241,"<="&EOMONTH(B16,0)) -> 13
... A22: 2026 | B22: 46266 | C22: =SUMIFS(Data!$E$2:$E$241,Data!$B$2:$B$241,">="&B22,Data!$B$2:$B$241,"<="&EOMONTH(B22,0)) -> 9560 | D22: =COUNTIFS(Data!$B$2:$B$241,">="&B22,Data!$B$2:$B$241,"<="&EOMONTH(B22,0)) -> 10

Sheet T2_Quarterly
A1: Year | B1: Quarter | C1: Start | D1: End | E1: Total Sales
A2: 2025 | B2: Q1 | C2: 45658 | D2: =EOMONTH(C2,2) -> 45747 | E2: =SUMIFS(Data!$E$2:$E$241,Data!$B$2:$B$241,">="&C2,Data!$B$2:$B$241,"<="&D2) -> 28270
A3: 2025 | B3: Q2 | C3: 45748 | D3: =EOMONTH(C3,2) -> 45838 | E3: =SUMIFS(Data!$E$2:$E$241,Data!$B$2:$B$241,">="&C3,Data!$B$2:$B$241,"<="&D3) -> 19190
A4: 2025 | B4: Q3 | C4: 45839 | D4: =EOMONTH(C4,2) -> 45930 | E4: =SUMIFS(Data!$E$2:$E$241,Data!$B$2:$B$241,">="&C4,Data!$B$2:$B$241,"<="&D4) -> 23720
A5: 2025 | B5: Q4 | C5: 45931 | D5: =EOMONTH(C5,2) -> 46022 | E5: =SUMIFS(Data!$E$2:$E$241,Data!$B$2:$B$241,">="&C5,Data!$B$2:$B$241,"<="&D5) -> 27310
A6: 2026 | B6: Q1 | C6: 46023 | D6: =EOMONTH(C6,2) -> 46112 | E6: =SUMIFS(Data!$E$2:$E$241,Data!$B$2:$B$241,">="&C6,Data!$B$2:$B$241,"<="&D6) -> 36800
A7: 2026 | B7: Q2 | C7: 46113 | D7: =EOMONTH(C7,2) -> 46203 | E7: =SUMIFS(Data!$E$2:$E$241,Data!$B$2:$B$241,">="&C7,Data!$B$2:$B$241,"<="&D7) -> 29170
A8: 2026 | B8: Q3 | C8: 46204 | D8: =EOMONTH(C8,2) -> 46295 | E8: =SUMIFS(Data!$E$2:$E$241,Data!$B$2:$B$241,">="&C8,Data!$B$2:$B$241,"<="&D8) -> 27660

Sheet T3_Avg_Order_Value
A1: Month | B1: Sum of Amount | C1: Count of Orders | D1: Average Order Value (Calculated Field)
A2: 45658 | B2: =SUMIFS(Data!$E$2:$E$241,Data!$B$2:$B$241,">="&A2,Data!$B$2:$B$241,"<="&EOMONTH(A2,0)) -> 9490 | C2: =COUNTIFS(Data!$B$2:$B$241,">="&A2,Data!$B$2:$B$241,"<="&EOMONTH(A2,0)) -> 10 | D2: =IF(C2=0,0,B2/C2) -> 949
A3: 45689 | B3: =SUMIFS(Data!$E$2:$E$241,Data!$B$2:$B$241,">="&A3,Data!$B$2:$B$241,"<="&EOMONTH(A3,0)) -> 9820 | C3: =COUNTIFS(Data!$B$2:$B$241,">="&A3,Data!$B$2:$B$241,"<="&EOMONTH(A3,0)) -> 12 | D3: =IF(C3=0,0,B3/C3) -> 818.33333
A4: 45717 | B4: =SUMIFS(Data!$E$2:$E$241,Data!$B$2:$B$241,">="&A4,Data!$B$2:$B$241,"<="&EOMONTH(A4,0)) -> 8960 | C4: =COUNTIFS(Data!$B$2:$B$241,">="&A4,Data!$B$2:$B$241,"<="&EOMONTH(A4,0)) -> 13 | D4: =IF(C4=0,0,B4/C4) -> 689.23077
A5: 45748 | B5: =SUMIFS(Data!$E$2:$E$241,Data!$B$2:$B$241,">="&A5,Data!$B$2:$B$241,"<="&EOMONTH(A5,0)) -> 5180 | C5: =COUNTIFS(Data!$B$2:$B$241,">="&A5,Data!$B$2:$B$241,"<="&EOMONTH(A5,0)) -> 8 | D5: =IF(C5=0,0,B5/C5) -> 647.5
A6: 45778 | B6: =SUMIFS(Data!$E$2:$E$241,Data!$B$2:$B$241,">="&A6,Data!$B$2:$B$241,"<="&EOMONTH(A6,0)) -> 8500 | C6: =COUNTIFS(Data!$B$2:$B$241,">="&A6,Data!$B$2:$B$241,"<="&EOMONTH(A6,0)) -> 10 | D6: =IF(C6=0,0,B6/C6) -> 850
A7: 45809 | B7: =SUMIFS(Data!$E$2:$E$241,Data!$B$2:$B$241,">="&A7,Data!$B$2:$B$241,"<="&EOMONTH(A7,0)) -> 5510 | C7: =COUNTIFS(Data!$B$2:$B$241,">="&A7,Data!$B$2:$B$241,"<="&EOMONTH(A7,0)) -> 9 | D7: =IF(C7=0,0,B7/C7) -> 612.22222
A8: 45839 | B8: =SUMIFS(Data!$E$2:$E$241,Data!$B$2:$B$241,">="&A8,Data!$B$2:$B$241,"<="&EOMONTH(A8,0)) -> 10320 | C8: =COUNTIFS(Data!$B$2:$B$241,">="&A8,Data!$B$2:$B$241,"<="&EOMONTH(A8,0)) -> 15 | D8: =IF(C8=0,0,B8/C8) -> 688
A9: 45870 | B9: =SUMIFS(Data!$E$2:$E$241,Data!$B$2:$B$241,">="&A9,Data!$B$2:$B$241,"<="&EOMONTH(A9,0)) -> 6250 | C9: =COUNTIFS(Data!$B$2:$B$241,">="&A9,Data!$B$2:$B$241,"<="&EOMONTH(A9,0)) -> 9 | D9: =IF(C9=0,0,B9/C9) -> 694.44444
A10: 45901 | B10: =SUMIFS(Data!$E$2:$E$241,Data!$B$2:$B$241,">="&A10,Data!$B$2:$B$241,"<="&EOMONTH(A10,0)) -> 7150 | C10: =COUNTIFS(Data!$B$2:$B$241,">="&A10,Data!$B$2:$B$241,"<="&EOMONTH(A10,0)) -> 9 | D10: =IF(C10=0,0,B10/C10) -> 794.44444
A11: 45931 | B11: =SUMIFS(Data!$E$2:$E$241,Data!$B$2:$B$241,">="&A11,Data!$B$2:$B$241,"<="&EOMONTH(A11,0)) -> 9610 | C11: =COUNTIFS(Data!$B$2:$B$241,">="&A11,Data!$B$2:$B$241,"<="&EOMONTH(A11,0)) -> 10 | D11: =IF(C11=0,0,B11/C11) -> 961
A12: 45962 | B12: =SUMIFS(Data!$E$2:$E$241,Data!$B$2:$B$241,">="&A12,Data!$B$2:$B$241,"<="&EOMONTH(A12,0)) -> 10320 | C12: =COUNTIFS(Data!$B$2:$B$241,">="&A12,Data!$B$2:$B$241,"<="&EOMONTH(A12,0)) -> 12 | D12: =IF(C12=0,0,B12/C12) -> 860
A13: 45992 | B13: =SUMIFS(Data!$E$2:$E$241,Data!$B$2:$B$241,">="&A13,Data!$B$2:$B$241,"<="&EOMONTH(A13,0)) -> 7380 | C13: =COUNTIFS(Data!$B$2:$B$241,">="&A13,Data!$B$2:$B$241,"<="&EOMONTH(A13,0)) -> 10 | D13: =IF(C13=0,0,B13/C13) -> 738
... A22: 46266 | B22: =SUMIFS(Data!$E$2:$E$241,Data!$B$2:$B$241,">="&A22,Data!$B$2:$B$241,"<="&EOMONTH(A22,0)) -> 9560 | C22: =COUNTIFS(Data!$B$2:$B$241,">="&A22,Data!$B$2:$B$241,"<="&EOMONTH(A22,0)) -> 10 | D22: =IF(C22=0,0,B22/C22) -> 956

Sheet T4_Slicer_Filter
A1: City filter (slicer substitute): | B1: All Cities | C1: criteria -> | D1: =IF(B1="All Cities","*",B1) -> *
A2: Restaurant filter: | B2: All Restaurants | C2: criteria -> | D2: =IF(B2="All Restaurants","*",B2) -> *
A4: Month | B4: Total Sales | C4: Orders
A5: 45658 | B5: =SUMIFS(Data!$E$2:$E$241,Data!$B$2:$B$241,">="&A5,Data!$B$2:$B$241,"<="&EOMONTH(A5,0),Data!$D$2:$D$241,$D$1,Data!$C$2:$C$241,$D$2) -> 9490 | C5: =COUNTIFS(Data!$B$2:$B$241,">="&A5,Data!$B$2:$B$241,"<="&EOMONTH(A5,0),Data!$D$2:$D$241,$D$1,Data!$C$2:$C$241,$D$2) -> 10
A6: 45689 | B6: =SUMIFS(Data!$E$2:$E$241,Data!$B$2:$B$241,">="&A6,Data!$B$2:$B$241,"<="&EOMONTH(A6,0),Data!$D$2:$D$241,$D$1,Data!$C$2:$C$241,$D$2) -> 9820 | C6: =COUNTIFS(Data!$B$2:$B$241,">="&A6,Data!$B$2:$B$241,"<="&EOMONTH(A6,0),Data!$D$2:$D$241,$D$1,Data!$C$2:$C$241,$D$2) -> 12
A7: 45717 | B7: =SUMIFS(Data!$E$2:$E$241,Data!$B$2:$B$241,">="&A7,Data!$B$2:$B$241,"<="&EOMONTH(A7,0),Data!$D$2:$D$241,$D$1,Data!$C$2:$C$241,$D$2) -> 8960 | C7: =COUNTIFS(Data!$B$2:$B$241,">="&A7,Data!$B$2:$B$241,"<="&EOMONTH(A7,0),Data!$D$2:$D$241,$D$1,Data!$C$2:$C$241,$D$2) -> 13
A8: 45748 | B8: =SUMIFS(Data!$E$2:$E$241,Data!$B$2:$B$241,">="&A8,Data!$B$2:$B$241,"<="&EOMONTH(A8,0),Data!$D$2:$D$241,$D$1,Data!$C$2:$C$241,$D$2) -> 5180 | C8: =COUNTIFS(Data!$B$2:$B$241,">="&A8,Data!$B$2:$B$241,"<="&EOMONTH(A8,0),Data!$D$2:$D$241,$D$1,Data!$C$2:$C$241,$D$2) -> 8
A9: 45778 | B9: =SUMIFS(Data!$E$2:$E$241,Data!$B$2:$B$241,">="&A9,Data!$B$2:$B$241,"<="&EOMONTH(A9,0),Data!$D$2:$D$241,$D$1,Data!$C$2:$C$241,$D$2) -> 8500 | C9: =COUNTIFS(Data!$B$2:$B$241,">="&A9,Data!$B$2:$B$241,"<="&EOMONTH(A9,0),Data!$D$2:$D$241,$D$1,Data!$C$2:$C$241,$D$2) -> 10
A10: 45809 | B10: =SUMIFS(Data!$E$2:$E$241,Data!$B$2:$B$241,">="&A10,Data!$B$2:$B$241,"<="&EOMONTH(A10,0),Data!$D$2:$D$241,$D$1,Data!$C$2:$C$241,$D$2) -> 5510 | C10: =COUNTIFS(Data!$B$2:$B$241,">="&A10,Data!$B$2:$B$241,"<="&EOMONTH(A10,0),Data!$D$2:$D$241,$D$1,Data!$C$2:$C$241,$D$2) -> 9
A11: 45839 | B11: =SUMIFS(Data!$E$2:$E$241,Data!$B$2:$B$241,">="&A11,Data!$B$2:$B$241,"<="&EOMONTH(A11,0),Data!$D$2:$D$241,$D$1,Data!$C$2:$C$241,$D$2) -> 10320 | C11: =COUNTIFS(Data!$B$2:$B$241,">="&A11,Data!$B$2:$B$241,"<="&EOMONTH(A11,0),Data!$D$2:$D$241,$D$1,Data!$C$2:$C$241,$D$2) -> 15
A12: 45870 | B12: =SUMIFS(Data!$E$2:$E$241,Data!$B$2:$B$241,">="&A12,Data!$B$2:$B$241,"<="&EOMONTH(A12,0),Data!$D$2:$D$241,$D$1,Data!$C$2:$C$241,$D$2) -> 6250 | C12: =COUNTIFS(Data!$B$2:$B$241,">="&A12,Data!$B$2:$B$241,"<="&EOMONTH(A12,0),Data!$D$2:$D$241,$D$1,Data!$C$2:$C$241,$D$2) -> 9
A13: 45901 | B13: =SUMIFS(Data!$E$2:$E$241,Data!$B$2:$B$241,">="&A13,Data!$B$2:$B$241,"<="&EOMONTH(A13,0),Data!$D$2:$D$241,$D$1,Data!$C$2:$C$241,$D$2) -> 7150 | C13: =COUNTIFS(Data!$B$2:$B$241,">="&A13,Data!$B$2:$B$241,"<="&EOMONTH(A13,0),Data!$D$2:$D$241,$D$1,Data!$C$2:$C$241,$D$2) -> 9
A14: 45931 | B14: =SUMIFS(Data!$E$2:$E$241,Data!$B$2:$B$241,">="&A14,Data!$B$2:$B$241,"<="&EOMONTH(A14,0),Data!$D$2:$D$241,$D$1,Data!$C$2:$C$241,$D$2) -> 9610 | C14: =COUNTIFS(Data!$B$2:$B$241,">="&A14,Data!$B$2:$B$241,"<="&EOMONTH(A14,0),Data!$D$2:$D$241,$D$1,Data!$C$2:$C$241,$D$2) -> 10
A15: 45962 | B15: =SUMIFS(Data!$E$2:$E$241,Data!$B$2:$B$241,">="&A15,Data!$B$2:$B$241,"<="&EOMONTH(A15,0),Data!$D$2:$D$241,$D$1,Data!$C$2:$C$241,$D$2) -> 10320 | C15: =COUNTIFS(Data!$B$2:$B$241,">="&A15,Data!$B$2:$B$241,"<="&EOMONTH(A15,0),Data!$D$2:$D$241,$D$1,Data!$C$2:$C$241,$D$2) -> 12
A16: 45992 | B16: =SUMIFS(Data!$E$2:$E$241,Data!$B$2:$B$241,">="&A16,Data!$B$2:$B$241,"<="&EOMONTH(A16,0),Data!$D$2:$D$241,$D$1,Data!$C$2:$C$241,$D$2) -> 7380 | C16: =COUNTIFS(Data!$B$2:$B$241,">="&A16,Data!$B$2:$B$241,"<="&EOMONTH(A16,0),Data!$D$2:$D$241,$D$1,Data!$C$2:$C$241,$D$2) -> 10
... A25: 46266 | B25: =SUMIFS(Data!$E$2:$E$241,Data!$B$2:$B$241,">="&A25,Data!$B$2:$B$241,"<="&EOMONTH(A25,0),Data!$D$2:$D$241,$D$1,Data!$C$2:$C$241,$D$2) -> 9560 | C25: =COUNTIFS(Data!$B$2:$B$241,">="&A25,Data!$B$2:$B$241,"<="&EOMONTH(A25,0),Data!$D$2:$D$241,$D$1,Data!$C$2:$C$241,$D$2) -> 10

Sheet T5_Drilldown_Q2_2026
A1: Order ID | B1: Order Date | C1: Restaurant | D1: City | E1: Amount
A2: ORD1174 | B2: 46114 | C2: Pizza Hut | D2: Ahmedabad | E2: 940
A3: ORD1198 | B3: 46114 | C3: Gwalia Sweets | D3: Pune | E3: 350
A4: ORD1137 | B4: 46117 | C4: KFC | D4: Surat | E4: 1100
A5: ORD1124 | B5: 46119 | C5: Burger King | D5: Rajkot | E5: 200
A6: ORD1228 | B6: 46120 | C6: Domino's | D6: Surat | E6: 350
A7: ORD1232 | B7: 46122 | C7: KFC | D7: Surat | E7: 480
A8: ORD1209 | B8: 46125 | C8: Burger King | D8: Vadodara | E8: 680
A9: ORD1101 | B9: 46127 | C9: Burger King | D9: Mumbai | E9: 510
A10: ORD1184 | B10: 46128 | C10: Biryani Blues | D10: Vadodara | E10: 520
A11: ORD1002 | B11: 46129 | C11: Burger King | D11: Vadodara | E11: 500
A12: ORD1154 | B12: 46134 | C12: Biryani Blues | D12: Pune | E12: 1350
A13: ORD1115 | B13: 46138 | C13: Honest Restaurant | D13: Pune | E13: 560
... A39: ORD1113 | B39: 46200 | C39: Pizza Hut | D39: Pune | E39: 360
D41: Total (matches pivot Q2-2026 total) | E41: =SUM(E2:E39) -> 29170
