Workbook

Sheet Task Notes
A1: Set 21 - IPL analysis: pivot chart, venue filter, timeline filter, dashboard, wins per year
A2: Each task has its own worksheet (named in the 'Worksheet' column). Sample data is synthetic and created for this assignment.
A4: Task | B4: Question (summary) | C4: Worksheet | D4: What was done / answer / explanation
A5: 1 | B5: PivotChart: total matches played by each team. | C5: T1_Matches_by_Team / T1_Pivot | D5: Data holds one row per team per match (Match ID, Date, Season, Team, Venue, Result; synthetic). Real PivotTable on T1_Pivot (Team in Rows, Count of Match ID); T1_Matches_by_Team reproduces it with COUNTIFS and feeds the column chart.
A6: 2 | B6: Slicer on Venue for the PivotChart. | C6: T2_Venue_Filter | D6: Choose a venue in B1: matches, wins and win % per team plus the chart update. Real slicer in Excel: click the PivotChart > PivotChart Analyze > Insert Slicer > Venue.
A7: 3 | B7: Timeline slicer on Match Date. | C7: T3_Timeline_Filter | D7: Enter From / To dates (B1:B2) to analyse any season or month range; counts update via COUNTIFS date criteria. Real timeline in Excel: PivotTable Analyze > Insert Timeline > Match Date.
A8: 4 | B8: Interactive dashboard: wins bar chart + matches-over-time line chart, linked to same Venue and Timeline filters. | C8: T4_Dashboard | D8: One Venue drop-down (C4) and one From/To date pair (H4, K4) feed both helper tables, so the bar chart and the line chart always change together. Snapshot: Set21_Dashboard.jpg. (Matches per month divided by 2 because each match has two rows.)
A9: 5 | B9: Matches won by each team per year; highlight top team each year. | C9: T5_Wins_per_Year | D9: COUNTIFS by team x season; conditional formatting highlights the maximum of each year's column in gold, and the clustered column chart compares years.

Sheet Data
A1: Match ID | B1: Match Date | C1: Season | D1: Team | E1: Venue | F1: Result
A2: M2024-03 | B2: 45373 | C2: 2024 | D2: Royal Challengers | E2: Narendra Modi Stadium | F2: Win
A3: M2024-03 | B3: 45373 | C3: 2024 | D3: Rajasthan Royals | E3: Narendra Modi Stadium | F3: Loss
A4: M2024-21 | B4: 45374 | C4: 2024 | D4: Gujarat Titans | E4: MA Chidambaram Stadium | F4: Win
A5: M2024-21 | B5: 45374 | C5: 2024 | D5: Delhi Capitals | E5: MA Chidambaram Stadium | F5: Loss
A6: M2024-31 | B6: 45374 | C6: 2024 | D6: Gujarat Titans | E6: M Chinnaswamy Stadium | F6: Loss
A7: M2024-31 | B7: 45374 | C7: 2024 | D7: Rajasthan Royals | E7: M Chinnaswamy Stadium | F7: Win
A8: M2024-08 | B8: 45375 | C8: 2024 | D8: Mumbai Indians | E8: M Chinnaswamy Stadium | F8: Win
A9: M2024-08 | B9: 45375 | C9: 2024 | D9: Rajasthan Royals | E9: M Chinnaswamy Stadium | F9: Loss
A10: M2024-11 | B10: 45382 | C10: 2024 | D10: Royal Challengers | E10: Narendra Modi Stadium | F10: Loss
A11: M2024-11 | B11: 45382 | C11: 2024 | D11: Delhi Capitals | E11: Narendra Modi Stadium | F11: Win
A12: M2024-34 | B12: 45385 | C12: 2024 | D12: Mumbai Indians | E12: Wankhede Stadium | F12: Win
A13: M2024-34 | B13: 45385 | C13: 2024 | D13: Royal Challengers | E13: Wankhede Stadium | F13: Loss
... A241: M2026-39 | B241: 46168 | C241: 2026 | D241: Delhi Capitals | E241: Eden Gardens | F241: Loss

Sheet T1_Matches_by_Team
A1: Team | B1: Matches played | C1: Wins
A2: Chennai Super Kings | B2: =COUNTIFS(Data!$D$2:$D$241,A2) -> 32 | C2: =COUNTIFS(Data!$D$2:$D$241,A2,Data!$F$2:$F$241,"Win") -> 17
A3: Mumbai Indians | B3: =COUNTIFS(Data!$D$2:$D$241,A3) -> 29 | C3: =COUNTIFS(Data!$D$2:$D$241,A3,Data!$F$2:$F$241,"Win") -> 19
A4: Gujarat Titans | B4: =COUNTIFS(Data!$D$2:$D$241,A4) -> 22 | C4: =COUNTIFS(Data!$D$2:$D$241,A4,Data!$F$2:$F$241,"Win") -> 11
A5: Royal Challengers | B5: =COUNTIFS(Data!$D$2:$D$241,A5) -> 34 | C5: =COUNTIFS(Data!$D$2:$D$241,A5,Data!$F$2:$F$241,"Win") -> 12
A6: Kolkata Knight Riders | B6: =COUNTIFS(Data!$D$2:$D$241,A6) -> 27 | C6: =COUNTIFS(Data!$D$2:$D$241,A6,Data!$F$2:$F$241,"Win") -> 18
A7: Delhi Capitals | B7: =COUNTIFS(Data!$D$2:$D$241,A7) -> 39 | C7: =COUNTIFS(Data!$D$2:$D$241,A7,Data!$F$2:$F$241,"Win") -> 17
A8: Rajasthan Royals | B8: =COUNTIFS(Data!$D$2:$D$241,A8) -> 29 | C8: =COUNTIFS(Data!$D$2:$D$241,A8,Data!$F$2:$F$241,"Win") -> 16
A9: Sunrisers Hyderabad | B9: =COUNTIFS(Data!$D$2:$D$241,A9) -> 28 | C9: =COUNTIFS(Data!$D$2:$D$241,A9,Data!$F$2:$F$241,"Win") -> 10

Sheet T2_Venue_Filter
A1: Venue (slicer substitute): | B1: All Venues | C1: criteria -> | D1: =IF(B1="All Venues","*",B1) -> *
A3: Team | B3: Matches played at venue | C3: Wins at venue | D3: Win %
A4: Chennai Super Kings | B4: =COUNTIFS(Data!$D$2:$D$241,A4,Data!$E$2:$E$241,$D$1) -> 32 | C4: =COUNTIFS(Data!$D$2:$D$241,A4,Data!$E$2:$E$241,$D$1,Data!$F$2:$F$241,"Win") -> 17 | D4: =IF(B4=0,0,C4/B4) -> 0.53125
A5: Mumbai Indians | B5: =COUNTIFS(Data!$D$2:$D$241,A5,Data!$E$2:$E$241,$D$1) -> 29 | C5: =COUNTIFS(Data!$D$2:$D$241,A5,Data!$E$2:$E$241,$D$1,Data!$F$2:$F$241,"Win") -> 19 | D5: =IF(B5=0,0,C5/B5) -> 0.65517241
A6: Gujarat Titans | B6: =COUNTIFS(Data!$D$2:$D$241,A6,Data!$E$2:$E$241,$D$1) -> 22 | C6: =COUNTIFS(Data!$D$2:$D$241,A6,Data!$E$2:$E$241,$D$1,Data!$F$2:$F$241,"Win") -> 11 | D6: =IF(B6=0,0,C6/B6) -> 0.5
A7: Royal Challengers | B7: =COUNTIFS(Data!$D$2:$D$241,A7,Data!$E$2:$E$241,$D$1) -> 34 | C7: =COUNTIFS(Data!$D$2:$D$241,A7,Data!$E$2:$E$241,$D$1,Data!$F$2:$F$241,"Win") -> 12 | D7: =IF(B7=0,0,C7/B7) -> 0.35294118
A8: Kolkata Knight Riders | B8: =COUNTIFS(Data!$D$2:$D$241,A8,Data!$E$2:$E$241,$D$1) -> 27 | C8: =COUNTIFS(Data!$D$2:$D$241,A8,Data!$E$2:$E$241,$D$1,Data!$F$2:$F$241,"Win") -> 18 | D8: =IF(B8=0,0,C8/B8) -> 0.66666667
A9: Delhi Capitals | B9: =COUNTIFS(Data!$D$2:$D$241,A9,Data!$E$2:$E$241,$D$1) -> 39 | C9: =COUNTIFS(Data!$D$2:$D$241,A9,Data!$E$2:$E$241,$D$1,Data!$F$2:$F$241,"Win") -> 17 | D9: =IF(B9=0,0,C9/B9) -> 0.43589744
A10: Rajasthan Royals | B10: =COUNTIFS(Data!$D$2:$D$241,A10,Data!$E$2:$E$241,$D$1) -> 29 | C10: =COUNTIFS(Data!$D$2:$D$241,A10,Data!$E$2:$E$241,$D$1,Data!$F$2:$F$241,"Win") -> 16 | D10: =IF(B10=0,0,C10/B10) -> 0.55172414
A11: Sunrisers Hyderabad | B11: =COUNTIFS(Data!$D$2:$D$241,A11,Data!$E$2:$E$241,$D$1) -> 28 | C11: =COUNTIFS(Data!$D$2:$D$241,A11,Data!$E$2:$E$241,$D$1,Data!$F$2:$F$241,"Win") -> 10 | D11: =IF(B11=0,0,C11/B11) -> 0.35714286

Sheet T3_Timeline_Filter
A1: From date: | B1: 45717 | D1: Tip: type 01-Mar-2024 / 31-May-2024 for season 2024, 2025 dates for season 2025, etc. (timeline substitute)
A2: To date: | B2: 45838
A4: Team | B4: Matches in period | C4: Wins in period
A5: Chennai Super Kings | B5: =COUNTIFS(Data!$D$2:$D$241,A5,Data!$B$2:$B$241,">="&$B$1,Data!$B$2:$B$241,"<="&$B$2) -> 10 | C5: =COUNTIFS(Data!$D$2:$D$241,A5,Data!$B$2:$B$241,">="&$B$1,Data!$B$2:$B$241,"<="&$B$2,Data!$F$2:$F$241,"Win") -> 5
A6: Mumbai Indians | B6: =COUNTIFS(Data!$D$2:$D$241,A6,Data!$B$2:$B$241,">="&$B$1,Data!$B$2:$B$241,"<="&$B$2) -> 9 | C6: =COUNTIFS(Data!$D$2:$D$241,A6,Data!$B$2:$B$241,">="&$B$1,Data!$B$2:$B$241,"<="&$B$2,Data!$F$2:$F$241,"Win") -> 4
A7: Gujarat Titans | B7: =COUNTIFS(Data!$D$2:$D$241,A7,Data!$B$2:$B$241,">="&$B$1,Data!$B$2:$B$241,"<="&$B$2) -> 7 | C7: =COUNTIFS(Data!$D$2:$D$241,A7,Data!$B$2:$B$241,">="&$B$1,Data!$B$2:$B$241,"<="&$B$2,Data!$F$2:$F$241,"Win") -> 3
A8: Royal Challengers | B8: =COUNTIFS(Data!$D$2:$D$241,A8,Data!$B$2:$B$241,">="&$B$1,Data!$B$2:$B$241,"<="&$B$2) -> 11 | C8: =COUNTIFS(Data!$D$2:$D$241,A8,Data!$B$2:$B$241,">="&$B$1,Data!$B$2:$B$241,"<="&$B$2,Data!$F$2:$F$241,"Win") -> 5
A9: Kolkata Knight Riders | B9: =COUNTIFS(Data!$D$2:$D$241,A9,Data!$B$2:$B$241,">="&$B$1,Data!$B$2:$B$241,"<="&$B$2) -> 13 | C9: =COUNTIFS(Data!$D$2:$D$241,A9,Data!$B$2:$B$241,">="&$B$1,Data!$B$2:$B$241,"<="&$B$2,Data!$F$2:$F$241,"Win") -> 8
A10: Delhi Capitals | B10: =COUNTIFS(Data!$D$2:$D$241,A10,Data!$B$2:$B$241,">="&$B$1,Data!$B$2:$B$241,"<="&$B$2) -> 14 | C10: =COUNTIFS(Data!$D$2:$D$241,A10,Data!$B$2:$B$241,">="&$B$1,Data!$B$2:$B$241,"<="&$B$2,Data!$F$2:$F$241,"Win") -> 6
A11: Rajasthan Royals | B11: =COUNTIFS(Data!$D$2:$D$241,A11,Data!$B$2:$B$241,">="&$B$1,Data!$B$2:$B$241,"<="&$B$2) -> 8 | C11: =COUNTIFS(Data!$D$2:$D$241,A11,Data!$B$2:$B$241,">="&$B$1,Data!$B$2:$B$241,"<="&$B$2,Data!$F$2:$F$241,"Win") -> 6
A12: Sunrisers Hyderabad | B12: =COUNTIFS(Data!$D$2:$D$241,A12,Data!$B$2:$B$241,">="&$B$1,Data!$B$2:$B$241,"<="&$B$2) -> 8 | C12: =COUNTIFS(Data!$D$2:$D$241,A12,Data!$B$2:$B$241,">="&$B$1,Data!$B$2:$B$241,"<="&$B$2,Data!$F$2:$F$241,"Win") -> 3

Sheet T4_Dashboard
B1: IPL DASHBOARD | Venue + Timeline filters drive both charts
B4: Venue: | C4: All Venues | G4: From: | H4: 45352 | J4: To: | K4: 46203 | M4: =IF(C4="All Venues","*",C4) -> *
B23: Wins by team (feeds bar chart) | F23: Matches played over time (feeds line chart)
B24: Team | C24: Wins | D24: Matches | F24: Month | G24: Matches
B25: Chennai Super Kings | C25: =COUNTIFS(Data!$D$2:$D$241,B25,Data!$F$2:$F$241,"Win",Data!$E$2:$E$241,$M$4,Data!$B$2:$B$241,">="&$H$4,Data!$B$2:$B$241,"<="&$K$4) -> 17 | D25: =COUNTIFS(Data!$D$2:$D$241,B25,Data!$E$2:$E$241,$M$4,Data!$B$2:$B$241,">="&$H$4,Data!$B$2:$B$241,"<="&$K$4) -> 32 | F25: 45352 | G25: =COUNTIFS(Data!$B$2:$B$241,">="&F25,Data!$B$2:$B$241,"<="&EOMONTH(F25,0),Data!$E$2:$E$241,$M$4,Data!$B$2:$B$241,">="&$H$4,Data!$B$2:$B$241,"<="&$K$4)/2 -> 5
B26: Mumbai Indians | C26: =COUNTIFS(Data!$D$2:$D$241,B26,Data!$F$2:$F$241,"Win",Data!$E$2:$E$241,$M$4,Data!$B$2:$B$241,">="&$H$4,Data!$B$2:$B$241,"<="&$K$4) -> 19 | D26: =COUNTIFS(Data!$D$2:$D$241,B26,Data!$E$2:$E$241,$M$4,Data!$B$2:$B$241,">="&$H$4,Data!$B$2:$B$241,"<="&$K$4) -> 29 | F26: 45383 | G26: =COUNTIFS(Data!$B$2:$B$241,">="&F26,Data!$B$2:$B$241,"<="&EOMONTH(F26,0),Data!$E$2:$E$241,$M$4,Data!$B$2:$B$241,">="&$H$4,Data!$B$2:$B$241,"<="&$K$4)/2 -> 18
B27: Gujarat Titans | C27: =COUNTIFS(Data!$D$2:$D$241,B27,Data!$F$2:$F$241,"Win",Data!$E$2:$E$241,$M$4,Data!$B$2:$B$241,">="&$H$4,Data!$B$2:$B$241,"<="&$K$4) -> 11 | D27: =COUNTIFS(Data!$D$2:$D$241,B27,Data!$E$2:$E$241,$M$4,Data!$B$2:$B$241,">="&$H$4,Data!$B$2:$B$241,"<="&$K$4) -> 22 | F27: 45413 | G27: =COUNTIFS(Data!$B$2:$B$241,">="&F27,Data!$B$2:$B$241,"<="&EOMONTH(F27,0),Data!$E$2:$E$241,$M$4,Data!$B$2:$B$241,">="&$H$4,Data!$B$2:$B$241,"<="&$K$4)/2 -> 17
B28: Royal Challengers | C28: =COUNTIFS(Data!$D$2:$D$241,B28,Data!$F$2:$F$241,"Win",Data!$E$2:$E$241,$M$4,Data!$B$2:$B$241,">="&$H$4,Data!$B$2:$B$241,"<="&$K$4) -> 12 | D28: =COUNTIFS(Data!$D$2:$D$241,B28,Data!$E$2:$E$241,$M$4,Data!$B$2:$B$241,">="&$H$4,Data!$B$2:$B$241,"<="&$K$4) -> 34 | F28: 45444 | G28: =COUNTIFS(Data!$B$2:$B$241,">="&F28,Data!$B$2:$B$241,"<="&EOMONTH(F28,0),Data!$E$2:$E$241,$M$4,Data!$B$2:$B$241,">="&$H$4,Data!$B$2:$B$241,"<="&$K$4)/2 -> 0
B29: Kolkata Knight Riders | C29: =COUNTIFS(Data!$D$2:$D$241,B29,Data!$F$2:$F$241,"Win",Data!$E$2:$E$241,$M$4,Data!$B$2:$B$241,">="&$H$4,Data!$B$2:$B$241,"<="&$K$4) -> 18 | D29: =COUNTIFS(Data!$D$2:$D$241,B29,Data!$E$2:$E$241,$M$4,Data!$B$2:$B$241,">="&$H$4,Data!$B$2:$B$241,"<="&$K$4) -> 27 | F29: 45717 | G29: =COUNTIFS(Data!$B$2:$B$241,">="&F29,Data!$B$2:$B$241,"<="&EOMONTH(F29,0),Data!$E$2:$E$241,$M$4,Data!$B$2:$B$241,">="&$H$4,Data!$B$2:$B$241,"<="&$K$4)/2 -> 6
B30: Delhi Capitals | C30: =COUNTIFS(Data!$D$2:$D$241,B30,Data!$F$2:$F$241,"Win",Data!$E$2:$E$241,$M$4,Data!$B$2:$B$241,">="&$H$4,Data!$B$2:$B$241,"<="&$K$4) -> 17 | D30: =COUNTIFS(Data!$D$2:$D$241,B30,Data!$E$2:$E$241,$M$4,Data!$B$2:$B$241,">="&$H$4,Data!$B$2:$B$241,"<="&$K$4) -> 39 | F30: 45748 | G30: =COUNTIFS(Data!$B$2:$B$241,">="&F30,Data!$B$2:$B$241,"<="&EOMONTH(F30,0),Data!$E$2:$E$241,$M$4,Data!$B$2:$B$241,">="&$H$4,Data!$B$2:$B$241,"<="&$K$4)/2 -> 14
B31: Rajasthan Royals | C31: =COUNTIFS(Data!$D$2:$D$241,B31,Data!$F$2:$F$241,"Win",Data!$E$2:$E$241,$M$4,Data!$B$2:$B$241,">="&$H$4,Data!$B$2:$B$241,"<="&$K$4) -> 16 | D31: =COUNTIFS(Data!$D$2:$D$241,B31,Data!$E$2:$E$241,$M$4,Data!$B$2:$B$241,">="&$H$4,Data!$B$2:$B$241,"<="&$K$4) -> 29 | F31: 45778 | G31: =COUNTIFS(Data!$B$2:$B$241,">="&F31,Data!$B$2:$B$241,"<="&EOMONTH(F31,0),Data!$E$2:$E$241,$M$4,Data!$B$2:$B$241,">="&$H$4,Data!$B$2:$B$241,"<="&$K$4)/2 -> 20
B32: Sunrisers Hyderabad | C32: =COUNTIFS(Data!$D$2:$D$241,B32,Data!$F$2:$F$241,"Win",Data!$E$2:$E$241,$M$4,Data!$B$2:$B$241,">="&$H$4,Data!$B$2:$B$241,"<="&$K$4) -> 10 | D32: =COUNTIFS(Data!$D$2:$D$241,B32,Data!$E$2:$E$241,$M$4,Data!$B$2:$B$241,">="&$H$4,Data!$B$2:$B$241,"<="&$K$4) -> 28 | F32: 45809 | G32: =COUNTIFS(Data!$B$2:$B$241,">="&F32,Data!$B$2:$B$241,"<="&EOMONTH(F32,0),Data!$E$2:$E$241,$M$4,Data!$B$2:$B$241,">="&$H$4,Data!$B$2:$B$241,"<="&$K$4)/2 -> 0
F33: 46082 | G33: =COUNTIFS(Data!$B$2:$B$241,">="&F33,Data!$B$2:$B$241,"<="&EOMONTH(F33,0),Data!$E$2:$E$241,$M$4,Data!$B$2:$B$241,">="&$H$4,Data!$B$2:$B$241,"<="&$K$4)/2 -> 5
F34: 46113 | G34: =COUNTIFS(Data!$B$2:$B$241,">="&F34,Data!$B$2:$B$241,"<="&EOMONTH(F34,0),Data!$E$2:$E$241,$M$4,Data!$B$2:$B$241,">="&$H$4,Data!$B$2:$B$241,"<="&$K$4)/2 -> 13
F35: 46143 | G35: =COUNTIFS(Data!$B$2:$B$241,">="&F35,Data!$B$2:$B$241,"<="&EOMONTH(F35,0),Data!$E$2:$E$241,$M$4,Data!$B$2:$B$241,">="&$H$4,Data!$B$2:$B$241,"<="&$K$4)/2 -> 22
F36: 46174 | G36: =COUNTIFS(Data!$B$2:$B$241,">="&F36,Data!$B$2:$B$241,"<="&EOMONTH(F36,0),Data!$E$2:$E$241,$M$4,Data!$B$2:$B$241,">="&$H$4,Data!$B$2:$B$241,"<="&$K$4)/2 -> 0

Sheet T5_Wins_per_Year
A1: Team | B1: 2024 | C1: 2025 | D1: 2026
A2: Chennai Super Kings | B2: =COUNTIFS(Data!$D$2:$D$241,$A2,Data!$C$2:$C$241,2024,Data!$F$2:$F$241,"Win") -> 7 | C2: =COUNTIFS(Data!$D$2:$D$241,$A2,Data!$C$2:$C$241,2025,Data!$F$2:$F$241,"Win") -> 5 | D2: =COUNTIFS(Data!$D$2:$D$241,$A2,Data!$C$2:$C$241,2026,Data!$F$2:$F$241,"Win") -> 5
A3: Mumbai Indians | B3: =COUNTIFS(Data!$D$2:$D$241,$A3,Data!$C$2:$C$241,2024,Data!$F$2:$F$241,"Win") -> 8 | C3: =COUNTIFS(Data!$D$2:$D$241,$A3,Data!$C$2:$C$241,2025,Data!$F$2:$F$241,"Win") -> 4 | D3: =COUNTIFS(Data!$D$2:$D$241,$A3,Data!$C$2:$C$241,2026,Data!$F$2:$F$241,"Win") -> 7
A4: Gujarat Titans | B4: =COUNTIFS(Data!$D$2:$D$241,$A4,Data!$C$2:$C$241,2024,Data!$F$2:$F$241,"Win") -> 4 | C4: =COUNTIFS(Data!$D$2:$D$241,$A4,Data!$C$2:$C$241,2025,Data!$F$2:$F$241,"Win") -> 3 | D4: =COUNTIFS(Data!$D$2:$D$241,$A4,Data!$C$2:$C$241,2026,Data!$F$2:$F$241,"Win") -> 4
A5: Royal Challengers | B5: =COUNTIFS(Data!$D$2:$D$241,$A5,Data!$C$2:$C$241,2024,Data!$F$2:$F$241,"Win") -> 3 | C5: =COUNTIFS(Data!$D$2:$D$241,$A5,Data!$C$2:$C$241,2025,Data!$F$2:$F$241,"Win") -> 5 | D5: =COUNTIFS(Data!$D$2:$D$241,$A5,Data!$C$2:$C$241,2026,Data!$F$2:$F$241,"Win") -> 4
A6: Kolkata Knight Riders | B6: =COUNTIFS(Data!$D$2:$D$241,$A6,Data!$C$2:$C$241,2024,Data!$F$2:$F$241,"Win") -> 4 | C6: =COUNTIFS(Data!$D$2:$D$241,$A6,Data!$C$2:$C$241,2025,Data!$F$2:$F$241,"Win") -> 8 | D6: =COUNTIFS(Data!$D$2:$D$241,$A6,Data!$C$2:$C$241,2026,Data!$F$2:$F$241,"Win") -> 6
A7: Delhi Capitals | B7: =COUNTIFS(Data!$D$2:$D$241,$A7,Data!$C$2:$C$241,2024,Data!$F$2:$F$241,"Win") -> 6 | C7: =COUNTIFS(Data!$D$2:$D$241,$A7,Data!$C$2:$C$241,2025,Data!$F$2:$F$241,"Win") -> 6 | D7: =COUNTIFS(Data!$D$2:$D$241,$A7,Data!$C$2:$C$241,2026,Data!$F$2:$F$241,"Win") -> 5
A8: Rajasthan Royals | B8: =COUNTIFS(Data!$D$2:$D$241,$A8,Data!$C$2:$C$241,2024,Data!$F$2:$F$241,"Win") -> 7 | C8: =COUNTIFS(Data!$D$2:$D$241,$A8,Data!$C$2:$C$241,2025,Data!$F$2:$F$241,"Win") -> 6 | D8: =COUNTIFS(Data!$D$2:$D$241,$A8,Data!$C$2:$C$241,2026,Data!$F$2:$F$241,"Win") -> 3
A9: Sunrisers Hyderabad | B9: =COUNTIFS(Data!$D$2:$D$241,$A9,Data!$C$2:$C$241,2024,Data!$F$2:$F$241,"Win") -> 1 | C9: =COUNTIFS(Data!$D$2:$D$241,$A9,Data!$C$2:$C$241,2025,Data!$F$2:$F$241,"Win") -> 3 | D9: =COUNTIFS(Data!$D$2:$D$241,$A9,Data!$C$2:$C$241,2026,Data!$F$2:$F$241,"Win") -> 6
A11: Gold cells = team(s) with the most wins in that year (conditional formatting rule =B2=MAX(B$2:B$9)).

Sheet T1_Pivot
A2: Filter
A4: Team | B4: Count - Match ID
A5: Chennai Super Kings | B5: 32
A6: Delhi Capitals | B6: 39
A7: Gujarat Titans | B7: 22
A8: Kolkata Knight Riders | B8: 27
A9: Mumbai Indians | B9: 29
A10: Rajasthan Royals | B10: 29
A11: Royal Challengers | B11: 34
A12: Sunrisers Hyderabad | B12: 28
A13: Grand Total | B13: 240
